{
  "as_of": "June",
  "portfolio": {
    "trade": [
      0.014672295507522781,
      0.025399864119830223
    ],
    "renew": [
      0.02640979998778464,
      0.025902091865877407
    ]
  },
  "by_property": {
    "RGTCC": {
      "trade": [
        -0.0025,
        -0.04
      ],
      "renew": [
        0.019143104755106,
        0.02056723136340611
      ]
    },
    "RGSH": {
      "trade": [
        0.0,
        0.0575
      ],
      "renew": [
        0.04346081860603286,
        0.04244810244455667
      ]
    },
    "RGCK": {
      "trade": [
        0.128,
        0.03272727272727273
      ],
      "renew": [
        0.03676242504223417,
        0.040671987688342
      ]
    },
    "RGST": {
      "trade": [
        -0.07,
        0.09
      ],
      "renew": [
        0.035653613114945,
        0.025732752193186662
      ]
    },
    "RGAZ": {
      "trade": [
        -0.021666666666666664,
        -0.03333333333333333
      ],
      "renew": [
        0.019925543927806873,
        0.01575915077126091
      ]
    },
    "RGD": {
      "trade": [
        -0.005,
        0.05333333333333333
      ],
      "renew": [
        0.0047341587763999994,
        0.022190374543839094
      ]
    },
    "RGP": {
      "trade": [
        0.052000000000000005,
        0.0825
      ],
      "renew": [
        0.021505863024558338,
        0.010201188998105001
      ]
    },
    "RGOX": {
      "trade": [
        0.1,
        0.03636363636363636
      ],
      "renew": [
        0.019630713099959195,
        0.014500969901273078
      ]
    },
    "RGHC": {
      "trade": [
        0.0075,
        0.025
      ],
      "renew": [
        0.02902896397206625,
        0.029695832844266665
      ]
    },
    "RGSM": {
      "trade": [
        0.026000000000000002,
        -0.065
      ],
      "renew": [
        0.02557021359992299,
        0.019076506080285834
      ]
    },
    "RGCCV": {
      "trade": [
        0.17,
        0.10666666666666666
      ],
      "renew": [
        0.03536021278637077,
        0.03549046943313
      ]
    },
    "RGSV": {
      "trade": [
        -0.02,
        0.09
      ],
      "renew": [
        0.035181440532056005,
        0.029173069126482855
      ]
    },
    "RGCP": {
      "trade": [
        -0.05545454545454546,
        0.015555555555555555
      ],
      "renew": [
        0.022747919675326248,
        0.02391812038631889
      ]
    },
    "RGLT": {
      "trade": [
        -0.00875,
        0.002413793103448276
      ],
      "renew": [
        0.013922878383592144,
        0.02591660431746222
      ]
    },
    "RGLSV": {
      "trade": [
        0.014545454545454545,
        0.0125
      ],
      "renew": [
        0.013440672928208336,
        0.020808928506388748
      ]
    },
    "RGLA": {
      "trade": [
        -0.24,
        -0.1925
      ],
      "renew": [
        null,
        null
      ]
    },
    "RGWL": {
      "trade": [
        null,
        0.04666666666666667
      ],
      "renew": [
        0.024812931945199235,
        0.019001864408437142
      ]
    },
    "RGOV": {
      "trade": [
        0.0788888888888889,
        0.00909090909090909
      ],
      "renew": [
        0.035972648719008,
        0.038306772885236
      ]
    },
    "RGPT": {
      "trade": [
        0.06681818181818182,
        0.055999999999999994
      ],
      "renew": [
        0.038518157633645425,
        0.028570270758242994
      ]
    },
    "RGSC": {
      "trade": [
        0.0475,
        0.05333333333333333
      ],
      "renew": [
        0.026965120095668888,
        0.026972750795246313
      ]
    },
    "RGCW": {
      "trade": [
        0.05111111111111111,
        -0.003333333333333333
      ],
      "renew": [
        0.0165944004976444,
        0.020209213335408826
      ]
    },
    "RGAL": {
      "trade": [
        0.016923076923076923,
        0.10217391304347827
      ],
      "renew": [
        0.01991899244107308,
        0.014978404319643332
      ]
    },
    "RGSR": {
      "trade": [
        -0.013125,
        0.04653846153846154
      ],
      "renew": [
        0.042164806174438,
        0.04565545594878364
      ]
    }
  },
  "source_file": "Afton Revenue Management Dashboard (1).xlsx"
}